price,param1,param2,userScore,criticScore,status
37.0,0.9999997615814209,7.304626592485874e-08,9.1,96.0,0.0
119.0,1.0,1.6673926128696337e-11,7.8,96.0,0.0
37.0,1.0,4.01590750698233e-06,9.0,96.0,0.0
64.0,0.9999997615814209,6.728092927232865e-08,8.6,96.0,0.0
37.0,1.0,2.030495327431936e-09,9.0,95.0,0.0
138.0,0.9999979734420776,6.100506197981304e-07,8.9,94.0,0.0
18.0,0.9989846348762512,0.012389510869979858,8.8,94.0,0.0
95.0,0.9999996423721313,1.4897729272433935e-07,8.6,94.0,0.0
59.0,0.9999996423721313,5.783772394352127e-08,8.1,94.0,0.0
64.0,1.0,1.1504542873908008e-09,8.3,94.0,0.0
127.0,0.9999898672103882,2.271148332511075e-06,9.4,93.0,0.0
68.0,0.9999971389770508,1.0126369716090267e-06,8.8,93.0,0.0
163.0,0.9999948143959045,8.593711982030072e-07,9.1,93.0,0.0
133.0,1.0,2.1682817319401693e-08,8.8,93.0,0.0
48.0,0.9999994039535522,1.9307816501168418e-07,8.8,93.0,0.0
249.0,1.0,1.0098498037791614e-08,5.9,93.0,0.0
63.0,0.9987773299217224,0.010334968566894531,8.3,93.0,0.0
90.0,0.9998735189437866,0.0034794211387634277,8.3,93.0,0.0
80.0,1.0,8.551407360002372e-10,8.9,93.0,0.0
48.0,0.9999880194664001,6.476097496488364e-06,8.9,93.0,0.0
0.0,0.9999810457229614,0.0006401240825653076,9.1,92.0,0.0
36.0,0.9999215602874756,0.0006395578384399414,9.1,92.0,0.0
58.0,0.9999991655349731,1.5232529904096737e-07,9.0,92.0,0.0
98.0,0.9982178211212158,0.017615139484405518,7.9,92.0,0.0
36.0,1.0,1.0656672766451436e-10,8.4,92.0,0.0
28.0,0.9994447231292725,0.005945056676864624,9.0,92.0,0.0
70.0,0.9995610117912292,0.006004065275192261,8.3,92.0,0.0
39.0,1.0,2.6053001533909992e-08,8.5,91.0,0.0
36.0,0.9986310005187988,0.013901233673095703,8.7,91.0,0.0
25.0,0.9999861717224121,0.00024959444999694824,8.5,91.0,0.0
98.0,0.999995231628418,1.3022086022829171e-06,8.1,91.0,0.0
36.0,0.9999966025352478,5.7386783737456426e-05,8.7,91.0,0.0
26.0,0.9998095035552979,0.00416189432144165,8.6,91.0,0.0
68.0,0.9999910593032837,3.183290391461924e-05,8.7,91.0,0.0
138.0,1.0,1.8985593097653464e-09,8.5,91.0,0.0
68.0,0.9999802112579346,4.711375822807895e-06,7.8,91.0,0.0
36.0,0.9997882843017578,0.0045430660247802734,6.7,91.0,0.0
98.0,0.9999997615814209,2.4619671634695806e-08,8.8,91.0,0.0
116.0,1.0,1.4665369363342506e-08,8.4,91.0,0.0
251.0,0.9999939799308777,2.9113048185536172e-06,7.2,91.0,0.0
70.0,0.9999994039535522,3.8552893784071784e-06,6.3,91.0,0.0
50.0,0.9999688863754272,0.00024950504302978516,8.4,90.0,0.0
48.0,0.9999839067459106,0.0007852613925933838,7.3,90.0,0.0
37.0,0.9999992847442627,5.716711257264251e-06,9.1,90.0,0.0
90.0,0.9990212917327881,0.012104213237762451,5.5,90.0,0.0
28.0,0.9999977350234985,7.752053352305666e-05,9.2,90.0,0.0
32.0,0.999874472618103,0.0003057122230529785,9.1,90.0,0.0
48.0,0.9998751878738403,0.0032736361026763916,8.6,90.0,0.0
16.0,0.9999891519546509,9.983056952478364e-05,8.4,90.0,0.0
25.0,0.9987109899520874,0.0058235228061676025,7.8,90.0,0.0
100.0,0.9999921321868896,1.691464967734646e-05,8.1,90.0,0.0
48.0,0.9998685121536255,0.0032232701778411865,8.5,90.0,0.0
0.0,0.9999654293060303,1.477844034525333e-05,6.5,90.0,0.0
50.0,0.9999984502792358,3.3048149816750083e-07,7.8,90.0,0.0
99.0,0.9999725818634033,1.4383424058905803e-05,6.9,90.0,0.0
133.0,1.0,4.8487236448124804e-09,8.4,90.0,0.0
112.0,0.9998804330825806,3.8572074117837474e-05,7.0,90.0,0.0
37.0,1.0,2.465567945364455e-07,8.7,89.0,0.0
219.0,0.9999740123748779,4.397245356813073e-05,9.0,89.0,0.0
36.0,0.9986559152603149,0.001993894577026367,8.7,89.0,0.0
268.0,0.9997396469116211,0.00012185297964606434,8.4,89.0,0.0
88.0,0.9999992251396179,1.758816665642371e-07,8.3,89.0,0.0
59.0,0.9997342824935913,0.0005379915237426758,8.9,89.0,0.0
36.0,0.9999923706054688,0.00040033459663391113,8.8,89.0,0.0
80.0,0.9999992847442627,1.1810546851620529e-07,8.0,89.0,0.0
43.0,0.9992774724960327,0.008822619915008545,8.8,89.0,0.0
37.0,0.999994158744812,1.4460906641033944e-06,9.1,89.0,0.0
37.0,0.9999942183494568,2.7509427127370145e-06,8.4,89.0,0.0
70.0,0.9999974966049194,0.0001037601541611366,7.3,89.0,0.0
137.0,0.9999852180480957,1.4406103218789212e-05,8.6,89.0,0.0
98.0,0.9997751712799072,3.4521253837738186e-05,8.6,89.0,0.0
64.0,0.9999872446060181,3.4619122288859216e-06,8.2,89.0,0.0
80.0,0.999994158744812,1.0341325832996517e-05,7.3,89.0,0.0
63.0,0.9999885559082031,2.7931913791690022e-05,9.1,89.0,0.0
48.0,0.9999741315841675,6.203047178132692e-06,8.0,89.0,0.0
41.0,0.9999992251396179,0.00014832615852355957,7.7,89.0,0.0
95.0,1.0,6.207032221539066e-09,8.2,89.0,0.0
188.0,0.9999984502792358,3.464395831542788e-06,6.0,89.0,0.0
68.0,0.9963576793670654,0.009053438901901245,8.8,89.0,0.0
36.0,0.9996253252029419,0.0024833083152770996,7.7,89.0,0.0
28.0,0.9969835877418518,0.03084278106689453,9.0,89.0,0.0
78.0,0.9999469518661499,0.0017599761486053467,7.2,89.0,0.0
238.0,1.0,1.4024495342823684e-08,7.6,89.0,0.0
70.0,0.9998608231544495,2.514952575438656e-05,8.2,89.0,0.0
48.0,0.9999991655349731,1.6263921907011536e-06,8.8,89.0,0.0
48.0,0.9998966455459595,0.0002225041389465332,8.6,89.0,0.0
68.0,0.9999963641166687,9.043620593729429e-06,8.4,89.0,0.0
70.0,0.9999807476997375,6.136386218713596e-05,8.2,88.0,0.0
268.0,0.9999808073043823,7.073368124110857e-06,7.9,88.0,0.0
36.0,0.9997422695159912,0.0010744333267211914,8.1,88.0,0.0
68.0,0.9999990463256836,5.150261131348088e-06,8.3,88.0,0.0
112.0,0.9998568296432495,0.000984281301498413,8.2,88.0,0.0
90.0,1.0,1.9015746755002283e-09,8.6,88.0,0.0
98.0,0.9994979500770569,0.0001709461212158203,8.3,88.0,0.0
68.0,0.9999899864196777,2.7953537937719375e-06,8.5,88.0,0.0
190.0,1.0,1.300809682192039e-08,7.3,88.0,0.0
18.0,0.9999412298202515,0.0005735158920288086,8.7,88.0,0.0
36.0,0.9997983574867249,0.003730177879333496,8.4,88.0,0.0
21.0,0.9911025166511536,0.08256390690803528,5.0,88.0,0.0
90.0,0.9999938011169434,0.0002586245536804199,7.2,88.0,0.0
48.0,0.9999948740005493,1.6955793853412615e-06,8.0,88.0,0.0
50.0,1.0,2.028390781561029e-06,7.4,88.0,0.0
64.0,0.9982112646102905,0.0007888972759246826,8.1,88.0,0.0
37.0,0.9954646825790405,0.029203414916992188,8.9,88.0,0.0
199.0,1.0,2.0966810510003597e-09,7.0,88.0,0.0
203.0,0.9999915361404419,3.4699507978075417e-06,6.8,88.0,0.0
32.0,0.9999970197677612,7.205476322269533e-07,8.3,88.0,0.0
138.0,0.9999918937683105,1.891111764962261e-06,7.8,88.0,0.0
199.0,0.9998200535774231,9.047376806847751e-05,8.0,88.0,0.0
78.0,1.0,1.5937091056572594e-12,7.6,88.0,0.0
68.0,0.9999842643737793,0.00021016597747802734,8.2,88.0,0.0
68.0,0.9999786615371704,1.467076344852103e-05,7.6,88.0,0.0
68.0,0.999994158744812,0.00027430057525634766,8.7,88.0,0.0
68.0,0.9999844431877136,1.9528249595168745e-06,8.5,88.0,0.0
18.0,0.9994754195213318,0.00019404292106628418,7.7,87.0,0.0
99.0,0.9999997019767761,6.71257041062745e-08,8.5,87.0,0.0
48.0,0.999923586845398,0.002440333366394043,8.2,87.0,0.0
68.0,0.9997908473014832,0.004979759454727173,7.6,87.0,0.0
48.0,1.0,6.431655652505697e-09,7.8,87.0,0.0
70.0,0.9999969005584717,1.6535393569938606e-06,8.2,87.0,0.0
48.0,0.9999987483024597,3.646694494818803e-06,7.9,87.0,0.0
36.0,0.9999530911445618,0.00030872225761413574,8.8,87.0,0.0
116.0,1.0,1.6502634025528096e-05,7.4,87.0,0.0
68.0,0.9999834299087524,0.00021412968635559082,8.5,87.0,0.0
112.0,0.999998927116394,7.957880825415486e-07,8.7,87.0,0.0
78.0,0.9999552965164185,6.2607550717075355e-06,6.9,87.0,0.0
268.0,0.9999967813491821,1.2811519809474703e-06,7.9,87.0,0.0
39.0,0.9999534487724304,1.974277984118089e-05,8.9,87.0,0.0
69.0,0.999899685382843,0.0018710792064666748,7.6,87.0,0.0
69.0,0.9999743700027466,0.00018802285194396973,8.1,87.0,0.0
48.0,0.9999991655349731,0.00010325021867174655,8.5,86.0,0.0
48.0,0.9995129108428955,0.0003097355365753174,5.4,86.0,0.0
45.0,0.9981794953346252,0.00041937828063964844,8.3,86.0,0.0
28.0,0.999907910823822,0.002313077449798584,8.6,86.0,0.0
36.0,0.999485969543457,0.00032839179039001465,8.5,86.0,0.0
70.0,0.9999607801437378,0.0008341670036315918,7.4,86.0,0.0
21.0,0.999835729598999,0.0017649531364440918,7.6,86.0,0.0
160.0,1.0,1.0664573224516971e-08,7.9,86.0,0.0
268.0,0.9999911785125732,1.7050947462848853e-06,7.4,86.0,0.0
90.0,0.9999969005584717,4.9167741963174194e-05,7.2,86.0,0.0
34.0,0.9993820190429688,0.00017651915550231934,7.4,86.0,0.0
298.0,0.9999987483024597,2.4083360017357336e-07,7.7,86.0,0.0
125.0,0.9999991655349731,2.6101684852619655e-05,8.5,86.0,0.0
138.0,0.9998998045921326,2.4789056624285877e-05,6.3,86.0,0.0
48.0,0.9999052286148071,0.0021829307079315186,8.3,86.0,0.0
80.0,0.9999876022338867,0.0006880462169647217,7.9,86.0,0.0
116.0,0.9995312690734863,0.0057877302169799805,5.8,86.0,0.0
37.0,0.9999909400939941,2.147447958122939e-06,6.2,86.0,0.0
129.0,0.999998927116394,1.5560422639282478e-07,7.1,86.0,0.0
28.0,0.9997837543487549,0.0009065866470336914,7.8,86.0,0.0
100.0,0.9999996423721313,9.243252918622602e-08,8.2,86.0,0.0
199.0,0.9999998807907104,7.815792457677162e-08,6.8,86.0,0.0
50.0,0.9999996423721313,5.2937917644158006e-05,7.7,86.0,0.0
36.0,0.9996840357780457,0.005681663751602173,8.4,86.0,0.0
0.0,0.9998875260353088,6.144127837615088e-05,8.0,86.0,0.0
259.0,1.0,8.591466205132292e-09,8.2,86.0,0.0
21.0,0.999995231628418,4.42440650658682e-05,7.4,86.0,0.0
39.0,0.999944806098938,1.233162129210541e-05,8.7,86.0,0.0
98.0,0.9959231615066528,0.00406336784362793,8.2,86.0,0.0
98.0,0.999941349029541,9.352852430311032e-06,4.7,86.0,0.0
68.0,0.9998888969421387,0.0030600428581237793,7.3,86.0,0.0
80.0,0.9999722242355347,1.1764637747546658e-05,8.2,86.0,0.0
28.0,0.9996899962425232,0.0009544193744659424,7.5,86.0,0.0
48.0,0.997846245765686,0.015675991773605347,8.7,86.0,0.0
188.0,0.9999997019767761,1.4657365454695537e-07,8.4,86.0,0.0
68.0,0.9999897480010986,0.0003641843795776367,8.1,86.0,0.0
48.0,0.9999823570251465,0.00014284253120422363,7.4,86.0,0.0
48.0,0.9999649524688721,6.297396794252563e-06,7.9,86.0,0.0
298.0,0.9992600679397583,0.00033980607986450195,7.2,86.0,0.0
70.0,1.0,1.1914472963781009e-08,8.5,86.0,0.0
138.0,0.9999997615814209,6.086283974582329e-06,7.7,86.0,0.0
80.0,0.9999954700469971,1.4296038898464758e-05,8.1,85.0,0.0
112.0,0.9999765753746033,3.158404979330953e-06,8.5,85.0,0.0
68.0,0.99432373046875,0.002652764320373535,8.6,85.0,0.0
36.0,0.99554443359375,0.03441464900970459,7.9,85.0,0.0
198.0,0.9999958872795105,1.62835385708604e-06,7.3,85.0,0.0
115.0,0.9999995827674866,1.7269411500819842e-07,8.5,85.0,0.0
116.0,0.9999997019767761,1.90141875577865e-07,8.0,85.0,0.0
135.0,0.9997342824935913,0.0009821653366088867,7.0,85.0,0.0
48.0,0.9996775984764099,0.00030672550201416016,8.0,85.0,0.0
70.0,0.9999021887779236,0.0010914504528045654,8.4,85.0,0.0
78.0,0.9999939203262329,4.202520722174086e-05,7.5,85.0,0.0
70.0,0.9999988079071045,2.282771311001852e-05,8.3,85.0,0.0
48.0,0.9973506927490234,0.0009891092777252197,5.9,85.0,0.0
48.0,0.9999985694885254,9.03789114090614e-05,7.9,85.0,0.0
268.0,0.9997192025184631,0.004759877920150757,7.5,85.0,0.0
70.0,0.9946050047874451,0.039179712533950806,7.1,85.0,0.0
68.0,0.999991238117218,0.00048294663429260254,7.5,85.0,0.0
48.0,1.0,1.0748626877443712e-08,7.9,85.0,0.0
34.0,0.9968646764755249,0.001276642084121704,8.3,85.0,0.0
70.0,0.999881386756897,0.0006015300750732422,7.5,85.0,0.0
36.0,0.9854449033737183,0.06017020344734192,8.4,85.0,0.0
268.0,0.9999983310699463,1.1085056712545338e-06,7.8,85.0,0.0
36.0,0.9981566667556763,0.017849504947662354,7.3,85.0,0.0
98.0,0.9999758005142212,7.140773504943354e-06,8.0,85.0,0.0
98.0,0.9989991784095764,0.008879750967025757,6.9,85.0,0.0
80.0,0.9999992251396179,1.5091117688825761e-07,8.0,85.0,0.0
68.0,0.9999934434890747,0.00017198920249938965,7.1,85.0,0.0
36.0,0.9994536638259888,0.00016865134239196777,8.5,85.0,0.0
79.0,0.999998927116394,4.0410620272268716e-07,8.5,85.0,0.0
0.0,0.9999980330467224,5.712637403121335e-07,6.0,85.0,0.0
80.0,0.9999968409538269,1.8738530343398452e-05,4.9,84.0,0.0
36.0,0.9999968409538269,1.2851283827330917e-05,8.1,84.0,0.0
68.0,0.8746819496154785,0.18167749047279358,7.9,84.0,0.0
36.0,0.9997804760932922,0.004617065191268921,8.4,84.0,0.0
43.0,0.9999580979347229,0.0005404651165008545,6.5,84.0,0.0
122.0,1.0,2.9557696734627825e-08,7.7,84.0,0.0
36.0,0.9991376996040344,0.00885269045829773,8.3,84.0,0.0
32.0,0.999883770942688,0.0007810294628143311,7.7,84.0,0.0
36.0,0.18019148707389832,0.9564586877822876,7.8,84.0,0.0
60.0,0.9999997615814209,1.1153745305136908e-07,8.4,84.0,0.0
78.0,0.9999701380729675,1.0563680007180665e-05,7.8,84.0,0.0
43.0,0.9973169565200806,0.02502220869064331,7.4,84.0,0.0
98.0,0.9993609189987183,0.00040721893310546875,5.6,84.0,0.0
37.0,0.9998853206634521,0.0030810534954071045,7.2,84.0,0.0
50.0,0.979763925075531,0.09775888919830322,5.9,84.0,0.0
21.0,0.9619897603988647,0.4255039393901825,7.5,84.0,0.0
99.0,0.9999982118606567,7.348677968366246e-07,8.4,84.0,0.0
48.0,0.9995903372764587,0.00010676124657038599,7.7,84.0,0.0
68.0,0.9999297261238098,0.00044989585876464844,6.7,84.0,0.0
76.0,1.0,3.782528068541069e-08,7.8,84.0,0.0
99.0,0.9997056722640991,6.38949713902548e-05,7.9,84.0,0.0
68.0,1.0,1.0471539434175892e-11,8.2,84.0,0.0
70.0,0.9994314312934875,0.008492201566696167,7.6,84.0,0.0
29.0,0.9997926950454712,8.9933535491582e-05,8.4,84.0,0.0
70.0,0.9999774694442749,0.00031638145446777344,7.4,84.0,0.0
88.0,0.9988720417022705,0.0004042088985443115,8.4,84.0,0.0
37.0,0.9948934316635132,0.0028097331523895264,8.3,84.0,0.0
37.0,0.9999328851699829,1.2619470908248331e-05,8.3,84.0,0.0
25.0,0.9997513294219971,0.0020463168621063232,7.4,84.0,0.0
38.0,0.9997231364250183,0.0030167102813720703,7.8,84.0,0.0
48.0,0.9999605417251587,9.011773727252148e-06,8.1,84.0,0.0
90.0,0.9999994039535522,1.2146516326083656e-07,7.9,84.0,0.0
68.0,0.9999946355819702,9.603348871678463e-07,8.1,84.0,0.0
99.0,0.9999974966049194,9.654073664933094e-07,5.5,84.0,0.0
21.0,0.9999991655349731,7.310003411475918e-07,8.3,84.0,0.0
9.0,1.0,7.637105947644329e-10,8.3,84.0,0.0
70.0,0.9999992847442627,2.654019795045315e-07,6.5,84.0,0.0
98.0,0.9998834133148193,8.830415026750416e-05,6.1,84.0,0.0
48.0,0.9999963045120239,9.32121038204059e-05,7.4,84.0,0.0
57.0,0.9999846816062927,2.6223606255371124e-06,8.5,84.0,0.0
38.0,0.9999938011169434,4.794836058863439e-05,7.5,84.0,0.0
37.0,0.9852873086929321,0.007859110832214355,7.7,84.0,0.0
70.0,0.9995968341827393,0.001957237720489502,3.5,84.0,0.0
70.0,0.9994713068008423,0.008383363485336304,7.7,84.0,0.0
48.0,0.9977355003356934,0.021341532468795776,7.8,84.0,0.0
158.0,0.999952495098114,1.0502204531803727e-05,7.5,83.0,0.0
48.0,1.0,2.7156744408785016e-08,7.8,83.0,0.0
36.0,0.9997661113739014,0.0027959048748016357,7.8,83.0,0.0
98.0,1.0,6.294436616371968e-08,7.1,83.0,0.0
0.0,0.9988833665847778,0.008636683225631714,8.1,83.0,0.0
220.0,0.9997925758361816,0.0027198493480682373,8.2,83.0,0.0
88.0,0.9994047284126282,0.0003273487091064453,8.1,83.0,0.0
37.0,0.9989283084869385,0.010243475437164307,7.7,83.0,0.0
37.0,0.9999716281890869,6.910519005032256e-05,8.0,83.0,0.0
70.0,0.999893844127655,0.0020540952682495117,7.9,83.0,0.0
36.0,0.9999470710754395,0.0018146038055419922,7.0,83.0,0.0
68.0,0.9997200965881348,7.90576305007562e-05,8.0,83.0,0.0
21.0,0.9989049434661865,0.007011920213699341,7.2,83.0,0.0
32.0,0.9961177110671997,0.02512723207473755,8.1,83.0,0.0
34.0,0.9999505877494812,0.00021752715110778809,8.0,83.0,0.0
70.0,0.9999433755874634,0.0010792911052703857,7.3,83.0,0.0
98.0,0.9993813037872314,0.002362281084060669,5.9,83.0,0.0
70.0,0.9999986886978149,2.0702334779798548e-07,7.1,83.0,0.0
0.0,0.9999994039535522,9.500119801941764e-08,4.2,83.0,0.0
68.0,0.999370276927948,0.005166232585906982,7.7,83.0,0.0
50.0,1.0,3.731564390818676e-08,7.9,83.0,0.0
26.0,0.9992422461509705,0.00995686650276184,6.2,83.0,0.0
50.0,0.9999677538871765,1.5046095541038085e-05,8.0,83.0,0.0
48.0,0.9999946355819702,7.467250497938949e-07,7.7,83.0,0.0
68.0,0.9999527931213379,1.9444540157564916e-05,8.3,83.0,0.0
68.0,0.9999785423278809,5.877941930521047e-06,7.7,83.0,0.0
68.0,0.9998082518577576,0.003064870834350586,6.9,83.0,0.0
48.0,0.9998722076416016,4.876818275079131e-05,7.9,83.0,0.0
90.0,0.9999779462814331,1.225819687533658e-05,8.2,83.0,0.0
38.0,0.9999877214431763,1.961317138921004e-06,6.8,83.0,0.0
48.0,0.9683065414428711,0.16302978992462158,7.7,83.0,0.0
88.0,0.9999196529388428,0.00023409724235534668,8.1,83.0,0.0
68.0,0.9999598264694214,0.00032255053520202637,6.9,83.0,0.0
38.0,0.9999991655349731,0.00010107411799253896,7.6,83.0,0.0
59.0,0.9999721050262451,0.0003808438777923584,6.7,83.0,0.0
75.0,0.9998512268066406,0.001275479793548584,5.5,83.0,0.0
95.0,0.999382495880127,0.001085430383682251,8.0,83.0,0.0
48.0,0.9999997615814209,2.3742836674500722e-07,8.0,83.0,0.0
25.0,0.9976043105125427,0.021791070699691772,7.9,83.0,0.0
50.0,0.9995661973953247,0.004594892263412476,7.6,83.0,0.0
31.0,0.9998875260353088,0.002948075532913208,6.5,83.0,0.0
112.0,0.999897837638855,6.104621570557356e-05,7.6,83.0,0.0
68.0,0.9646183252334595,0.2544957995414734,6.8,83.0,0.0
68.0,0.9999855756759644,0.0007949471473693848,7.7,83.0,0.0
0.0,0.9999964237213135,1.139631194746471e-06,7.3,83.0,0.0
80.0,0.9999525547027588,0.0012167394161224365,7.6,83.0,0.0
68.0,1.0,9.22711329565118e-09,7.9,82.0,0.0
200.0,0.9999556541442871,2.6867572159972042e-05,7.5,82.0,0.0
256.0,1.0,2.3092347589681594e-07,7.4,82.0,0.0
199.0,0.999444842338562,0.00026857852935791016,6.5,82.0,0.0
78.0,0.9998108744621277,4.3603969970718026e-05,7.5,82.0,0.0
116.0,0.9995216131210327,0.0003218352794647217,7.8,82.0,0.0
25.0,0.9998411536216736,0.00012788176536560059,7.3,82.0,0.0
25.0,0.998944878578186,0.012753844261169434,6.7,82.0,0.0
199.0,0.9999980330467224,2.2102514662947215e-07,7.1,82.0,0.0
36.0,0.9998828768730164,0.003035128116607666,7.9,82.0,0.0
199.0,0.9971811771392822,0.0007254183292388916,7.3,82.0,0.0
36.0,0.9775555729866028,0.20398741960525513,8.1,82.0,0.0
138.0,0.9023321270942688,0.0664655864238739,4.6,82.0,0.0
85.0,0.9999517202377319,1.335464639851125e-05,7.8,82.0,0.0
68.0,0.999153733253479,0.00021466612815856934,8.0,82.0,0.0
88.0,0.9999975562095642,7.115325502127234e-07,8.0,82.0,0.0
25.0,0.9978088140487671,0.01743069291114807,6.7,82.0,0.0
78.0,0.9990980625152588,0.0012234747409820557,8.2,82.0,0.0
36.0,0.9990359544754028,0.004507660865783691,7.1,82.0,0.0
21.0,0.9801769256591797,0.11756712198257446,7.2,82.0,0.0
36.0,0.9998687505722046,0.003248542547225952,7.6,82.0,0.0
68.0,0.9904786348342896,0.06327566504478455,7.9,82.0,0.0
36.0,0.9996248483657837,0.005753010511398315,7.7,82.0,0.0
48.0,0.9998928308486938,1.708706076897215e-05,8.1,82.0,0.0
58.0,0.9999865889549255,0.0007084310054779053,7.9,82.0,0.0
48.0,0.9988836646080017,0.012637078762054443,7.6,82.0,0.0
70.0,0.9869630932807922,0.00981941819190979,7.6,82.0,0.0
48.0,0.9999361038208008,0.00019660592079162598,7.7,82.0,0.0
68.0,0.999716579914093,0.001056969165802002,6.6,82.0,0.0
68.0,0.9995294213294983,0.00036835670471191406,8.0,82.0,0.0
98.0,0.999954879283905,1.6195872376556508e-05,6.9,82.0,0.0
90.0,0.9999996423721313,6.628965110166973e-08,7.5,82.0,0.0
119.0,0.9999951124191284,2.745983465501922e-06,6.9,82.0,0.0
50.0,0.9998334646224976,0.0031369924545288086,7.3,82.0,0.0
48.0,0.9984361529350281,0.0010987520217895508,7.3,82.0,0.0
70.0,0.9999985694885254,4.2339104311395204e-07,5.9,82.0,0.0
39.0,0.9984313249588013,0.016157180070877075,7.3,82.0,0.0
22.0,0.9657853841781616,0.19298219680786133,7.6,82.0,0.0
28.0,0.9985659122467041,0.014476686716079712,7.3,82.0,0.0
45.0,0.9998314380645752,0.0038879215717315674,7.7,82.0,0.0
40.0,0.9412364959716797,0.3812096118927002,5.8,82.0,0.0
37.0,0.9966676831245422,0.011242121458053589,7.3,82.0,0.0
48.0,0.9999990463256836,0.00011764486407628283,5.8,82.0,0.0
129.0,0.9999893307685852,5.288056854624301e-06,7.3,81.0,0.0
59.0,0.9990323781967163,0.00027626752853393555,7.6,81.0,0.0
48.0,0.9999958872795105,4.5763335947413e-05,7.3,81.0,0.0
36.0,0.9999983310699463,5.293685489959898e-07,6.8,81.0,0.0
270.0,0.9999780654907227,7.696866305195726e-06,6.9,81.0,0.0
68.0,0.9999703764915466,3.917505091521889e-05,7.1,81.0,0.0
28.0,0.15727248787879944,0.9449829459190369,7.7,81.0,0.0
68.0,0.9999463558197021,3.9322676457231864e-05,7.8,81.0,0.0
0.0,0.9877595901489258,0.08643144369125366,5.8,81.0,0.0
65.0,0.9997808933258057,4.406703737913631e-05,7.6,81.0,0.0
21.0,0.9983429312705994,0.01928725838661194,7.9,81.0,0.0
350.0,0.9689395427703857,0.12333232164382935,7.0,81.0,0.0
15.0,0.9999837875366211,0.00027638673782348633,6.6,81.0,0.0
308.0,1.0,7.339789664939644e-09,7.9,81.0,0.0
78.0,0.9998335838317871,0.001414179801940918,7.5,81.0,0.0
78.0,0.9998823404312134,9.620527998777106e-05,7.5,81.0,0.0
22.0,0.9906770586967468,0.0705767571926117,7.8,81.0,0.0
59.0,0.9997914433479309,0.0013194680213928223,7.9,81.0,0.0
79.0,0.9996797442436218,0.006348997354507446,6.6,81.0,0.0
98.0,0.9998077154159546,0.000398099422454834,8.0,81.0,0.0
70.0,0.990583062171936,0.04980063438415527,7.8,81.0,0.0
116.0,0.98039311170578,0.02800661325454712,6.0,81.0,0.0
138.0,0.9999640583992004,0.0013596415519714355,7.6,81.0,0.0
112.0,0.9438737630844116,0.03883439302444458,7.8,81.0,0.0
199.0,0.984796941280365,0.10429176688194275,6.8,81.0,0.0
35.0,0.9999912977218628,2.479688191669993e-05,7.8,81.0,0.0
50.0,0.9999394416809082,0.002142101526260376,7.8,81.0,0.0
50.0,0.9999810457229614,3.6017936508869752e-06,7.1,81.0,0.0
31.0,0.9995354413986206,0.004637777805328369,7.5,81.0,0.0
37.0,0.9985641241073608,0.009630441665649414,7.4,81.0,0.0
116.0,0.9999966621398926,3.7564368540188298e-06,6.6,81.0,0.0
36.0,0.9937338829040527,0.005940914154052734,7.0,81.0,0.0
68.0,0.9990851879119873,0.011700928211212158,7.9,81.0,0.0
68.0,0.9953019618988037,0.056533604860305786,7.7,81.0,0.0
0.0,0.9999402761459351,0.00195235013961792,5.6,81.0,0.0
98.0,0.9999994039535522,1.208702826716035e-07,7.6,81.0,0.0
58.0,0.9999622106552124,1.3277094694785774e-05,6.5,81.0,0.0
0.0,0.9988870620727539,0.0007258355617523193,6.3,81.0,0.0
99.0,0.9999982714653015,8.130363312375266e-06,6.9,81.0,0.0
50.0,0.9991799592971802,0.0006984472274780273,7.3,81.0,0.0
62.0,0.9999444484710693,7.005567022133619e-05,7.9,81.0,0.0
138.0,0.9999655485153198,9.377645255881362e-06,7.5,81.0,0.0
48.0,0.9991701245307922,0.007099539041519165,6.9,81.0,0.0
90.0,0.9994995594024658,0.00021317601203918457,7.4,81.0,0.0
21.0,0.9936293959617615,0.006907254457473755,7.9,81.0,0.0
83.0,0.9999662637710571,8.742894351598807e-06,7.6,80.0,0.0
163.0,0.9999316334724426,1.370013524137903e-05,7.6,80.0,0.0
48.0,0.9999901056289673,0.0004356503486633301,7.6,80.0,0.0
50.0,0.9996026754379272,0.0019918084144592285,7.6,80.0,0.0
128.0,0.9991034269332886,0.00968855619430542,7.5,80.0,0.0
52.0,0.9997299313545227,0.0052023231983184814,7.5,80.0,0.0
98.0,0.9993404150009155,0.007573485374450684,6.9,80.0,0.0
48.0,0.9965139627456665,0.03248804807662964,7.6,80.0,0.0
90.0,0.9999958276748657,1.2606412838067627e-06,7.8,80.0,0.0
70.0,0.9994754195213318,0.007832527160644531,7.4,80.0,0.0
36.0,0.9985578060150146,0.0010318160057067871,7.3,80.0,0.0
68.0,0.9999949932098389,5.598622919933405e-06,7.3,80.0,0.0
90.0,0.9999402761459351,1.641716153244488e-05,6.4,80.0,0.0
37.0,0.9991204738616943,0.0057198405265808105,7.6,80.0,0.0
90.0,0.9999592304229736,1.070734015229391e-05,7.5,80.0,0.0
28.0,0.5617601871490479,0.5996782183647156,7.8,80.0,0.0
28.0,0.999966025352478,5.88355578656774e-06,6.4,80.0,0.0
48.0,0.9998651742935181,0.0033416152000427246,7.5,80.0,0.0
75.0,0.9997032284736633,0.0028867125511169434,7.5,80.0,0.0
43.0,0.9999181032180786,0.002539336681365967,7.7,80.0,0.0
37.0,0.9993348121643066,0.00015395879745483398,7.7,80.0,0.0
36.0,0.9835174679756165,0.016007423400878906,7.1,80.0,0.0
191.0,0.9999008178710938,4.793789048562758e-05,6.7,80.0,0.0
70.0,0.9995658993721008,0.005789607763290405,6.6,80.0,0.0
36.0,0.9998882412910461,0.0004871189594268799,7.4,80.0,0.0
21.0,0.9995191693305969,0.0001188109235954471,7.8,80.0,0.0
48.0,0.9954386949539185,0.02633252739906311,7.7,80.0,0.0
34.0,0.999906063079834,0.0010687708854675293,7.7,80.0,0.0
48.0,0.9642175436019897,0.21552109718322754,7.1,80.0,0.0
48.0,0.9945728778839111,0.009945183992385864,7.6,80.0,0.0
68.0,0.9999974966049194,2.5115789412666345e-06,7.7,80.0,0.0
32.0,0.9160683155059814,0.43215206265449524,7.7,80.0,0.0
90.0,0.6899370551109314,0.7682125568389893,7.7,80.0,0.0
68.0,0.99998539686203,0.0006387829780578613,7.4,80.0,0.0
58.0,0.9999579787254333,1.352217350358842e-05,7.4,80.0,0.0
148.0,0.9987705945968628,0.004859626293182373,6.9,80.0,0.0
48.0,0.9995889663696289,0.006956607103347778,6.5,80.0,0.0
50.0,0.9999984502792358,2.4543376753172197e-07,7.4,80.0,0.0
90.0,0.9810022115707397,0.2909631133079529,7.6,80.0,0.0
68.0,0.9984567165374756,0.0031911730766296387,7.5,80.0,0.0
80.0,0.9993656277656555,0.006923019886016846,7.7,80.0,0.0
402.0,0.9992935061454773,0.0004927515983581543,6.5,80.0,0.0
26.0,0.9999203681945801,0.0005289018154144287,7.2,80.0,0.0
48.0,0.9999966025352478,1.4615887948821182e-06,6.5,80.0,0.0
36.0,0.9999473094940186,8.245846402132884e-06,7.0,80.0,0.0
36.0,0.9998266696929932,0.0041464269161224365,7.7,80.0,0.0
36.0,0.9996778964996338,0.0060644447803497314,7.6,80.0,0.0
36.0,0.999337911605835,0.0004455149173736572,5.6,80.0,0.0
48.0,0.9999924898147583,0.0004144608974456787,7.7,80.0,0.0
21.0,0.9905200004577637,0.05413350462913513,7.6,80.0,0.0
37.0,0.9124510288238525,0.3702505826950073,7.0,80.0,0.0
68.0,0.9999202489852905,0.0017565786838531494,7.7,80.0,0.0
70.0,0.9991528987884521,0.008179694414138794,6.9,80.0,0.0
50.0,0.9999421834945679,0.0002837181091308594,7.8,80.0,0.0
80.0,0.998987078666687,0.009031325578689575,7.5,80.0,0.0
65.0,0.9794065952301025,0.1856420934200287,7.7,80.0,0.0
200.0,0.9999926090240479,1.3958951967651956e-06,7.4,80.0,0.0
28.0,0.4837300181388855,0.8190902471542358,7.4,80.0,0.0
36.0,0.9997105002403259,0.0031972527503967285,7.1,80.0,0.0
268.0,0.9946805834770203,0.011742442846298218,6.6,80.0,0.0
36.0,0.999186635017395,0.005123734474182129,7.6,80.0,0.0
36.0,0.9998931288719177,0.00011450958845671266,7.5,79.0,0.0
68.0,0.9990184307098389,0.001582115888595581,7.1,79.0,0.0
36.0,0.5076112747192383,0.7721199989318848,6.7,79.0,0.0
238.0,0.9999372363090515,2.8450353056541644e-05,5.6,79.0,0.0
48.0,0.940815806388855,0.14984503388404846,7.2,79.0,0.0
37.0,0.9999988079071045,2.073411678793491e-06,7.5,79.0,0.0
48.0,0.9934210777282715,0.02732422947883606,6.8,79.0,0.0
68.0,0.9997384548187256,0.0006397068500518799,6.9,79.0,0.0
78.0,0.3071921467781067,0.9006890058517456,7.2,79.0,0.0
50.0,0.9998077154159546,0.00019866228103637695,6.6,79.0,0.0
8.0,0.9996522665023804,0.00042822957038879395,6.5,79.0,0.0
158.0,0.9997570514678955,0.005055516958236694,7.4,79.0,0.0
37.0,1.0,6.797631613153499e-08,3.8,79.0,0.0
22.0,0.9984633922576904,0.011996716260910034,7.6,79.0,0.0
48.0,0.9989557266235352,0.0004374384880065918,7.4,79.0,0.0
80.0,0.9947235584259033,0.03595471382141113,7.6,79.0,0.0
122.0,0.9990562796592712,0.010106056928634644,7.2,79.0,0.0
70.0,0.9773362874984741,0.13827869296073914,7.3,79.0,0.0
58.0,0.9934274554252625,0.029354393482208252,7.2,79.0,0.0
32.0,0.9980722665786743,0.015026718378067017,7.2,79.0,0.0
37.0,0.9953362941741943,0.030459195375442505,6.4,79.0,0.0
50.0,0.9999027848243713,6.808950274717063e-05,7.2,79.0,0.0
37.0,0.9998706579208374,0.003040820360183716,7.4,79.0,0.0
36.0,0.9790908098220825,0.09927597641944885,7.7,79.0,0.0
36.0,0.9998253583908081,0.0031415224075317383,7.5,79.0,0.0
37.0,0.3587358593940735,0.8607755899429321,7.0,79.0,0.0
39.0,0.9594408273696899,0.022686123847961426,5.3,79.0,0.0
36.0,0.999211311340332,0.007778853178024292,6.8,79.0,0.0
50.0,0.9997266530990601,0.0045337677001953125,7.1,79.0,0.0
36.0,0.9949135780334473,0.02406454086303711,7.3,79.0,0.0
70.0,0.9886850714683533,0.07891041040420532,7.3,79.0,0.0
36.0,0.9990530014038086,0.01075240969657898,7.2,79.0,0.0
60.0,0.6726372838020325,0.7214062809944153,7.3,79.0,0.0
48.0,0.9981192350387573,0.01563224196434021,7.6,79.0,0.0
70.0,0.9990474581718445,0.010123282670974731,6.9,79.0,0.0
80.0,0.9999557733535767,9.61291152634658e-06,7.3,79.0,0.0
60.0,0.9999958276748657,0.00016772747039794922,7.5,79.0,0.0
70.0,0.9980487823486328,0.007338583469390869,6.3,79.0,0.0
68.0,0.9981279969215393,0.004553049802780151,7.3,79.0,0.0
88.0,0.9999874830245972,7.201382686616853e-05,7.5,79.0,0.0
56.0,0.968889057636261,0.28591638803482056,6.9,79.0,0.0
8.0,0.9997682571411133,0.003470778465270996,7.2,79.0,0.0
68.0,0.9997203350067139,0.004515349864959717,7.6,79.0,0.0
80.0,0.9999380111694336,0.0012824535369873047,7.2,79.0,0.0
68.0,0.9991898536682129,0.009232491254806519,7.5,79.0,0.0
28.0,0.6423600912094116,0.7432640790939331,6.8,79.0,0.0
138.0,0.9889363050460815,0.07272768020629883,4.4,78.0,0.0
37.0,0.9998779892921448,1.9242579583078623e-05,1.5,65.0,0.0
50.0,0.5903488397598267,0.7836939096450806,7.3,78.0,0.0
116.0,0.9995440244674683,0.00011495743819978088,7.0,78.0,0.0
50.0,0.9956032037734985,0.00315132737159729,7.3,78.0,0.0
129.0,0.8829398155212402,0.14178472757339478,6.9,78.0,0.0
68.0,0.9999583959579468,1.4859801922284532e-05,6.7,78.0,0.0
69.0,0.9999591112136841,0.0016785264015197754,6.8,78.0,0.0
50.0,0.9999573230743408,0.0011096596717834473,4.9,78.0,0.0
68.0,0.9997538328170776,0.005706697702407837,7.2,78.0,0.0
199.0,0.9999352693557739,2.2895997972227633e-05,5.1,78.0,0.0
138.0,0.9999918937683105,8.60130057844799e-06,6.4,78.0,0.0
62.0,0.9999128580093384,0.0026997625827789307,6.7,78.0,0.0
36.0,0.9963095188140869,0.028119027614593506,6.5,78.0,0.0
90.0,0.9997901916503906,0.0007835924625396729,6.5,78.0,0.0
88.0,0.9999854564666748,3.1907779884932097e-06,6.6,78.0,0.0
42.0,0.8631535768508911,0.2675248086452484,7.0,78.0,0.0
70.0,0.974292516708374,0.194216787815094,6.7,78.0,0.0
99.0,0.9998987913131714,2.1249721612548456e-05,7.4,78.0,0.0
37.0,0.9996040463447571,0.00036787986755371094,7.2,78.0,0.0
158.0,0.9999990463256836,1.73095116906552e-07,7.1,78.0,0.0
36.0,0.9995627999305725,0.000193864107131958,6.1,78.0,0.0
58.0,0.992000937461853,0.06014794111251831,6.2,78.0,0.0
42.0,0.9894344210624695,0.08490827679634094,6.5,78.0,0.0
95.0,0.9907714128494263,0.05133655667304993,7.5,78.0,0.0
138.0,0.998432993888855,0.011749565601348877,6.1,78.0,0.0
48.0,0.9987537860870361,0.012111693620681763,7.3,78.0,0.0
140.0,0.9999202489852905,1.7631648006499745e-05,6.8,78.0,0.0
70.0,0.9999417066574097,0.0002092123031616211,6.2,78.0,0.0
50.0,0.8635537624359131,0.47847050428390503,7.1,78.0,0.0
68.0,0.9997735023498535,9.404895536135882e-05,7.4,78.0,0.0
62.0,0.998012900352478,0.014821767807006836,5.0,78.0,0.0
209.0,0.999687135219574,0.00019544363021850586,6.6,78.0,0.0
50.0,0.9994795322418213,0.006746232509613037,6.3,78.0,0.0
21.0,0.987786591053009,0.08426234126091003,7.5,78.0,0.0
36.0,0.9472278356552124,0.06068214774131775,7.3,78.0,0.0
80.0,0.9997318983078003,0.005738556385040283,6.3,78.0,0.0
88.0,0.9975705146789551,0.010139942169189453,7.2,78.0,0.0
48.0,0.9693048000335693,0.1862896978855133,7.4,78.0,0.0
70.0,0.9984848499298096,0.01617717742919922,6.0,78.0,0.0
48.0,0.9999700784683228,0.0012571215629577637,6.8,78.0,0.0
37.0,0.9785691499710083,0.1810978353023529,7.5,78.0,0.0
89.0,0.9912399649620056,0.03935140371322632,6.6,78.0,0.0
90.0,0.9842931628227234,0.01407921314239502,7.4,78.0,0.0
50.0,0.9997371435165405,0.004882186651229858,7.4,78.0,0.0
48.0,0.9984450340270996,0.015050768852233887,6.9,78.0,0.0
36.0,0.9992895126342773,0.008794218301773071,6.8,78.0,0.0
90.0,0.9684434533119202,0.1424056887626648,5.7,77.0,0.0
256.0,0.9999938011169434,0.00021034479141235352,6.2,77.0,0.0
70.0,0.9986846446990967,0.0006693899631500244,7.2,77.0,0.0
37.0,0.9999299049377441,6.703553663101047e-05,6.5,77.0,0.0
36.0,0.7781867980957031,0.6460862159729004,7.1,77.0,0.0
95.0,0.9991918802261353,0.006370186805725098,6.7,77.0,0.0
68.0,0.9193181991577148,0.44115835428237915,7.0,77.0,0.0
103.0,0.9998286962509155,0.0002529025077819824,7.3,77.0,0.0
160.0,0.9996412992477417,0.006865501403808594,7.2,77.0,0.0
36.0,0.9968240261077881,0.013134956359863281,7.2,77.0,0.0
48.0,0.9855329990386963,0.044381022453308105,7.1,77.0,0.0
45.0,0.9991463422775269,0.00025719404220581055,6.2,77.0,0.0
37.0,0.9976055026054382,0.005204558372497559,7.1,77.0,0.0
148.0,0.9961385726928711,0.006055235862731934,5.0,77.0,0.0
32.0,0.8754466772079468,0.5547131896018982,5.6,77.0,0.0
48.0,0.9996136426925659,0.006058424711227417,6.6,77.0,0.0
48.0,0.43672722578048706,0.7205499410629272,7.1,77.0,0.0
39.0,0.9960210919380188,0.037351131439208984,6.5,77.0,0.0
68.0,0.9994224309921265,0.009052515029907227,6.0,77.0,0.0
80.0,0.9997343420982361,9.517536091152579e-05,5.9,77.0,0.0
50.0,0.9945621490478516,0.024768441915512085,5.6,77.0,0.0
25.0,0.9943861961364746,0.037589460611343384,6.6,77.0,0.0
98.0,0.9997001886367798,6.721792306052521e-05,6.0,77.0,0.0
138.0,0.9981482625007629,0.0011678338050842285,6.9,77.0,0.0
50.0,0.9998956322669983,0.0012777745723724365,7.3,77.0,0.0
178.0,0.9954502582550049,0.0017988383769989014,4.6,77.0,0.0
70.0,0.9968444108963013,0.011738121509552002,6.9,77.0,0.0
0.0,0.999323844909668,0.0001659393310546875,6.9,77.0,0.0
36.0,0.9995861053466797,0.005297750234603882,7.1,77.0,0.0
48.0,0.9935542345046997,0.03991425037384033,4.9,76.0,0.0
68.0,0.9997751116752625,8.163497113855556e-05,6.4,76.0,0.0
37.0,0.9663567543029785,0.1867922842502594,6.5,76.0,0.0
0.0,0.9992085695266724,0.009713083505630493,5.2,76.0,0.0
138.0,0.9999040365219116,0.0022368133068084717,6.5,76.0,0.0
90.0,0.9995788335800171,0.005943596363067627,6.1,76.0,0.0
199.0,0.9992157220840454,0.010043919086456299,4.1,76.0,0.0
31.0,0.9989147186279297,0.010674923658370972,6.3,76.0,0.0
188.0,0.9999191761016846,1.8457783880876377e-05,6.7,76.0,0.0
268.0,0.9948855638504028,0.0017703473567962646,4.3,76.0,0.0
75.0,0.999872088432312,6.101740291342139e-05,5.2,76.0,0.0
68.0,0.9880536794662476,0.05584391951560974,5.6,76.0,0.0
36.0,0.9956826567649841,0.04168379306793213,7.0,76.0,0.0
48.0,0.9994151592254639,0.0038333237171173096,7.0,76.0,0.0
148.0,0.9998606443405151,6.787814345443621e-05,6.3,76.0,0.0
68.0,0.9967778921127319,0.003735870122909546,7.1,76.0,0.0
50.0,0.9951493740081787,0.0246523916721344,4.9,76.0,0.0
116.0,0.9999908804893494,1.4063141861697659e-05,4.7,76.0,0.0
80.0,0.9373174905776978,0.20942214131355286,5.3,76.0,0.0
68.0,0.9999189376831055,9.281346865464002e-05,6.2,76.0,0.0
25.0,0.9986727237701416,0.00821271538734436,6.4,76.0,0.0
90.0,0.9998132586479187,4.232029459672049e-05,6.7,76.0,0.0
116.0,0.8268482685089111,0.3030584454536438,6.9,76.0,0.0
42.0,0.9972747564315796,0.021665066480636597,8.7,76.0,1.0
138.0,0.9943172931671143,0.02555277943611145,3.6,76.0,0.0
116.0,0.9965671300888062,0.030864626169204712,6.9,76.0,0.0
68.0,0.9992660284042358,0.009717702865600586,6.8,76.0,0.0
28.0,0.9401742219924927,0.3264389932155609,6.6,76.0,0.0
37.0,0.9859131574630737,0.12849506735801697,6.5,76.0,0.0
138.0,0.9996521472930908,0.0008722543716430664,2.2,76.0,0.0
127.0,0.9991722106933594,0.000155717134475708,6.3,75.0,0.0
129.0,0.9999706745147705,0.00022673606872558594,6.4,75.0,0.0
90.0,0.9390280842781067,0.04167422652244568,6.6,75.0,0.0
28.0,0.2775059938430786,0.9195418953895569,8.8,75.0,1.0
58.0,0.9999696612358093,0.001403510570526123,5.4,75.0,0.0
88.0,0.9967723488807678,0.011149585247039795,6.2,75.0,0.0
68.0,0.1037600040435791,0.9737014770507812,6.7,75.0,0.0
48.0,0.08971023559570312,0.9785895347595215,6.7,75.0,0.0
68.0,0.8800208568572998,0.506424605846405,8.7,75.0,1.0
88.0,0.998818576335907,0.00037282705307006836,6.9,75.0,0.0
48.0,0.9997208118438721,0.0005049705505371094,6.6,75.0,0.0
41.0,0.999679446220398,0.005868971347808838,6.8,75.0,0.0
48.0,0.7208318710327148,0.5938263535499573,6.6,75.0,0.0
68.0,0.7653049230575562,0.40950360894203186,6.4,75.0,0.0
188.0,0.9999426007270813,0.0013779997825622559,3.4,75.0,0.0
35.0,0.9874328374862671,0.07335615158081055,6.7,75.0,0.0
48.0,0.9997696280479431,0.0006420314311981201,6.1,75.0,0.0
163.0,0.990681529045105,0.0049606263637542725,3.9,75.0,0.0
48.0,0.9960634708404541,0.04021868109703064,5.3,75.0,0.0
70.0,0.9966760873794556,0.005722492933273315,6.8,75.0,0.0
36.0,0.8401753306388855,0.6772132515907288,6.2,75.0,0.0
48.0,0.998090386390686,0.011131435632705688,6.5,75.0,0.0
99.0,0.9999176263809204,1.7324755390291102e-05,5.3,75.0,0.0
31.0,0.9983675479888916,0.013621658086776733,6.5,75.0,0.0
70.0,0.9986715316772461,0.019360244274139404,6.6,75.0,0.0
68.0,0.9996320009231567,0.004000216722488403,5.7,75.0,0.0
68.0,0.9780024290084839,0.01709914207458496,6.9,75.0,0.0
118.0,0.9997867345809937,0.0004928708076477051,6.6,74.0,0.0
48.0,0.9998764991760254,3.0235058147809468e-05,5.9,74.0,0.0
43.0,0.9987126588821411,0.014677107334136963,5.3,74.0,0.0
36.0,0.5118120312690735,0.708469033241272,5.3,74.0,0.0
107.0,0.9641546010971069,0.018068641424179077,5.7,74.0,0.0
50.0,0.9996052980422974,0.0010190606117248535,8.5,74.0,1.0
68.0,0.9999985694885254,4.803005140274763e-07,5.1,74.0,0.0
198.0,0.9998844861984253,0.0018785595893859863,6.3,74.0,0.0
248.0,0.9504399299621582,0.2258143126964569,5.7,74.0,0.0
68.0,0.999537467956543,0.00023034214973449707,8.5,74.0,1.0
68.0,0.9997653961181641,0.00015053153038024902,6.7,74.0,0.0
163.0,0.9999898672103882,4.1032026274478994e-06,5.8,74.0,0.0
37.0,0.996778130531311,0.036936938762664795,6.7,74.0,0.0
70.0,0.9948343634605408,0.015037328004837036,6.4,74.0,0.0
36.0,0.34636685252189636,0.9144887328147888,8.7,74.0,1.0
68.0,0.9897990226745605,0.0042555928230285645,5.8,74.0,0.0
50.0,0.9998125433921814,0.0005480349063873291,6.4,74.0,0.0
339.0,0.9653928279876709,0.29198065400123596,6.0,74.0,0.0
162.0,0.9935607314109802,0.04557421803474426,4.0,74.0,0.0
70.0,0.9996732473373413,6.567873060703278e-05,4.3,74.0,0.0
48.0,0.9653975367546082,0.19674959778785706,6.1,74.0,0.0
138.0,0.5883626937866211,0.7009055018424988,5.4,74.0,0.0
36.0,0.9999046921730042,3.022577402589377e-05,4.9,74.0,0.0
50.0,0.9639233350753784,0.23283404111862183,6.3,73.0,0.0
78.0,0.9991247057914734,0.007663339376449585,6.4,73.0,0.0
80.0,0.9915810823440552,0.05098825693130493,6.1,73.0,0.0
68.0,0.9995573163032532,0.003670930862426758,6.5,73.0,0.0
45.0,0.9880165457725525,0.039806097745895386,5.4,73.0,0.0
349.0,0.5271493792533875,0.8420608043670654,4.9,73.0,0.0
68.0,0.9996100664138794,0.0014640092849731445,5.6,73.0,0.0
57.0,0.9987244606018066,0.020180940628051758,5.3,73.0,0.0
78.0,0.9839984178543091,0.14715948700904846,8.6,73.0,1.0
199.0,0.9434677362442017,0.06787329912185669,5.5,73.0,0.0
108.0,0.995416522026062,0.016567349433898926,5.8,73.0,0.0
99.0,0.9870314598083496,0.05489584803581238,8.5,73.0,1.0
68.0,0.9866000413894653,0.01330035924911499,6.0,73.0,0.0
48.0,0.9982644319534302,0.0006250441074371338,6.0,73.0,0.0
37.0,0.9995484352111816,0.005274862051010132,5.1,73.0,0.0
50.0,0.601407527923584,0.5809378027915955,6.3,73.0,0.0
36.0,0.0689687728881836,0.9690943956375122,8.5,73.0,1.0
198.0,0.999965250492096,6.877956820972031e-06,6.1,72.0,0.0
31.0,0.9999392032623291,0.0015082359313964844,4.5,72.0,0.0
59.0,0.14595210552215576,0.9253215789794922,8.6,72.0,1.0
188.0,0.45134514570236206,0.8041332960128784,5.0,72.0,0.0
37.0,0.9368289113044739,0.3738939166069031,5.3,72.0,0.0
48.0,0.9897298216819763,0.06005293130874634,5.5,72.0,0.0
169.0,0.9999988079071045,0.00012788176536560059,4.6,72.0,0.0
48.0,0.995384693145752,0.0029662251472473145,5.0,72.0,0.0
88.0,0.9995734691619873,0.0008172094821929932,6.0,72.0,0.0
36.0,0.9997599720954895,0.00016444921493530273,8.7,72.0,1.0
68.0,0.9736613631248474,0.017380088567733765,5.9,72.0,0.0
25.0,0.8995518088340759,0.0696745216846466,8.7,72.0,1.0
48.0,0.011279046535491943,0.9972615838050842,4.7,72.0,0.0
338.0,0.9989712238311768,0.004648923873901367,5.4,72.0,0.0
68.0,0.9562928676605225,0.05581548810005188,8.6,72.0,1.0
0.0,0.9997948408126831,0.004324734210968018,5.3,72.0,0.0
36.0,0.7442511320114136,0.7678269743919373,5.9,71.0,0.0
36.0,0.9807354211807251,0.11920368671417236,8.6,71.0,1.0
75.0,0.9988051056861877,0.014427810907363892,5.1,71.0,0.0
238.0,0.9999574422836304,1.1855121556436643e-05,4.2,71.0,0.0
0.0,0.999441385269165,0.005520254373550415,5.7,71.0,0.0
22.0,0.01238444447517395,0.9971681833267212,8.2,71.0,1.0
41.0,0.5814302563667297,0.7865551114082336,8.2,71.0,1.0
38.0,0.9944750070571899,0.03774076700210571,5.2,71.0,0.0
138.0,0.9986922740936279,0.010188817977905273,5.7,70.0,0.0
0.0,0.9987525343894958,0.013971418142318726,4.0,70.0,0.0
44.0,0.9713576436042786,0.09035155177116394,8.2,70.0,1.0
68.0,0.9994899034500122,0.007829129695892334,7.9,70.0,1.0
88.0,0.9643751382827759,0.07917696237564087,5.4,70.0,0.0
50.0,0.8116962909698486,0.699578583240509,7.9,70.0,1.0
48.0,0.7674859762191772,0.6876798868179321,8.5,70.0,1.0
37.0,0.16259172558784485,0.967022716999054,3.5,70.0,0.0
160.0,0.1589449644088745,0.9598510265350342,5.6,70.0,0.0
79.0,0.9975602030754089,0.026343047618865967,7.8,70.0,1.0
48.0,0.9973995089530945,0.012053757905960083,5.1,70.0,0.0
36.0,0.14812839031219482,0.9188005924224854,7.8,70.0,1.0
28.0,0.121426522731781,0.9692598581314087,8.7,70.0,1.0
100.0,0.9939454793930054,0.044758737087249756,8.4,70.0,1.0
68.0,0.9497865438461304,0.04582422971725464,5.6,70.0,0.0
68.0,0.9854576587677002,0.06997856497764587,5.6,70.0,0.0
48.0,0.5359838604927063,0.86150062084198,8.7,70.0,1.0
37.0,0.1371525526046753,0.9306729435920715,8.6,70.0,1.0
36.0,0.2106907069683075,0.8698002696037292,7.8,69.0,1.0
70.0,0.9998586773872375,0.0034275054931640625,3.8,69.0,0.0
43.0,0.5425357222557068,0.8369701504707336,8.0,69.0,1.0
36.0,0.9034605026245117,0.572322428226471,9.7,69.0,1.0
79.0,0.822353720664978,0.7175952196121216,8.2,69.0,1.0
99.0,0.9904859066009521,0.04399868845939636,8.1,69.0,1.0
80.0,0.984601616859436,0.04181632399559021,8.2,69.0,1.0
176.0,0.9945869445800781,0.002356290817260742,5.0,69.0,0.0
48.0,0.34682542085647583,0.9400258660316467,7.8,69.0,1.0
42.0,0.7792176008224487,0.6607968807220459,7.7,69.0,1.0
38.0,0.9927869439125061,0.05737411975860596,8.2,69.0,1.0
0.0,0.9989707469940186,0.013207852840423584,8.3,69.0,1.0
0.0,0.9962071180343628,0.001341491937637329,5.3,69.0,0.0
278.0,0.8576493263244629,0.5082502961158752,8.0,69.0,1.0
79.0,0.5590685606002808,0.749122142791748,5.5,69.0,0.0
21.0,0.019309937953948975,0.9959629774093628,4.8,69.0,0.0
36.0,0.9989125728607178,0.009988099336624146,5.5,69.0,0.0
60.0,0.9616129398345947,0.3160209059715271,8.0,69.0,1.0
28.0,0.02910381555557251,0.9900187253952026,8.0,69.0,1.0
0.0,0.9276859760284424,0.37820643186569214,5.5,69.0,0.0
22.0,0.5494087338447571,0.8908464908599854,8.0,69.0,1.0
219.0,0.9974076747894287,0.009018957614898682,5.3,69.0,0.0
100.0,0.8821898698806763,0.24390804767608643,3.8,68.0,0.0
26.0,0.9779362678527832,0.1290569305419922,8.6,68.0,1.0
43.0,0.10538402199745178,0.976604700088501,5.3,68.0,0.0
36.0,0.9981793165206909,0.017813682556152344,8.5,68.0,1.0
35.0,0.9352101683616638,0.2965502142906189,7.8,68.0,1.0
50.0,0.01928076148033142,0.994903564453125,7.7,68.0,1.0
36.0,0.022228151559829712,0.9932876229286194,5.3,68.0,0.0
70.0,0.9267318248748779,0.40509262681007385,3.5,68.0,0.0
70.0,0.3448656499385834,0.9263070821762085,5.1,68.0,0.0
68.0,0.7675414085388184,0.5159080028533936,7.4,68.0,1.0
48.0,0.043073683977127075,0.9930143356323242,8.1,68.0,1.0
209.0,0.9891753196716309,0.025416970252990723,5.4,68.0,0.0
40.0,0.2636664807796478,0.9144678711891174,7.8,67.0,1.0
68.0,0.9827979803085327,0.07909145951271057,7.5,67.0,1.0
70.0,0.6266800165176392,0.7770305871963501,7.5,67.0,1.0
21.0,0.9819775819778442,0.09018060564994812,7.9,67.0,1.0
0.0,0.4799550175666809,0.8907274007797241,7.6,67.0,1.0
68.0,0.21036866307258606,0.8569420576095581,5.0,67.0,0.0
31.0,0.019818484783172607,0.9941602945327759,7.6,67.0,1.0
90.0,0.6032148003578186,0.6139017939567566,4.8,67.0,0.0
90.0,0.9783807992935181,0.13207125663757324,7.4,67.0,1.0
50.0,0.9932720065116882,0.05642235279083252,7.5,67.0,1.0
36.0,0.980248212814331,0.049448609352111816,7.9,67.0,1.0
40.0,0.6191160082817078,0.767996072769165,4.6,67.0,0.0
28.0,0.20279169082641602,0.9252679347991943,7.4,67.0,1.0
21.0,0.18442103266716003,0.9613932967185974,7.7,67.0,1.0
36.0,0.06780198216438293,0.9761271476745605,7.7,66.0,1.0
48.0,0.5233123898506165,0.8403385877609253,8.3,66.0,1.0
36.0,0.9369786381721497,0.366826593875885,8.3,66.0,1.0
28.0,0.019779562950134277,0.9968527555465698,7.6,66.0,1.0
67.0,0.35486316680908203,0.8178902864456177,7.2,66.0,1.0
68.0,0.9950758218765259,0.0173681378364563,2.9,66.0,0.0
25.0,0.03462323546409607,0.9955549240112305,7.6,66.0,1.0
37.0,0.021217256784439087,0.9942803382873535,7.9,66.0,1.0
70.0,0.7815593481063843,0.6830847263336182,7.5,66.0,1.0
69.0,0.3703951835632324,0.849522054195404,7.6,66.0,1.0
36.0,0.925451397895813,0.24296405911445618,7.6,66.0,1.0
70.0,0.8377355337142944,0.2016645073890686,8.1,66.0,1.0
68.0,0.7703045010566711,0.5724415183067322,7.2,66.0,1.0
89.0,0.06788507103919983,0.9776749610900879,7.5,66.0,1.0
22.0,0.08493062853813171,0.9790773391723633,7.9,66.0,1.0
36.0,0.9412962794303894,0.05766791105270386,6.9,65.0,1.0
135.0,0.02565068006515503,0.9949442744255066,7.4,65.0,1.0
79.0,0.6208074688911438,0.6756042242050171,7.8,65.0,1.0
58.0,0.9851206541061401,0.057812631130218506,6.9,65.0,1.0
68.0,0.022743403911590576,0.9919942617416382,7.1,65.0,1.0
50.0,0.000606536865234375,0.999902606010437,7.8,65.0,1.0
163.0,0.059332042932510376,0.9915260076522827,7.8,65.0,1.0
32.0,0.04043588042259216,0.9885246753692627,4.6,65.0,0.0
149.0,0.9929593801498413,0.004693895578384399,7.8,65.0,1.0
68.0,0.09655046463012695,0.9703176021575928,7.7,65.0,1.0
28.0,0.9472004175186157,0.16194945573806763,6.9,65.0,1.0
28.0,0.9293038249015808,0.24163180589675903,7.4,65.0,1.0
68.0,0.2072526216506958,0.9326143860816956,4.6,65.0,0.0
21.0,0.8954628109931946,0.4483082890510559,3.7,65.0,0.0
126.0,0.17723822593688965,0.9753866195678711,7.1,65.0,1.0
37.0,0.9998779892921448,1.9242579583078623e-05,1.5,65.0,0.0
36.0,0.018924415111541748,0.992681622505188,6.8,64.0,1.0
0.0,0.0836251974105835,0.981561005115509,6.6,64.0,1.0
15.0,0.2601286470890045,0.9094864130020142,7.2,64.0,1.0
43.0,0.1385277509689331,0.9759936928749084,7.4,64.0,1.0
28.0,0.4427953362464905,0.8080525398254395,7.0,64.0,1.0
48.0,0.41843748092651367,0.8940551280975342,7.0,64.0,1.0
98.0,0.9207143187522888,0.06340295076370239,6.8,64.0,1.0
40.0,0.9834866523742676,0.15105393528938293,7.3,64.0,1.0
19.0,0.9771246910095215,0.08568301796913147,7.8,64.0,1.0
50.0,0.07721126079559326,0.9778319001197815,7.2,64.0,1.0
39.0,0.9806365370750427,0.12120425701141357,7.0,64.0,1.0
39.0,0.004570126533508301,0.9992049932479858,6.9,64.0,1.0
49.0,0.999136209487915,0.000258028507232666,4.3,64.0,0.0
48.0,0.9111049175262451,0.18825486302375793,7.5,64.0,1.0
65.0,0.20755469799041748,0.970680832862854,6.9,64.0,1.0
68.0,0.03429633378982544,0.9903244972229004,6.8,64.0,1.0
37.0,0.09260964393615723,0.969076931476593,7.5,64.0,1.0
98.0,0.2860232889652252,0.9167977571487427,2.1,64.0,0.0
48.0,0.18133720755577087,0.9537593126296997,4.0,63.0,0.0
68.0,0.9383620023727417,0.4306927025318146,4.2,63.0,0.0
36.0,0.19105154275894165,0.9557082653045654,7.5,63.0,1.0
37.0,0.24946391582489014,0.9431471824645996,6.8,63.0,1.0
28.0,0.05588209629058838,0.9899706840515137,7.6,63.0,1.0
22.0,0.9516951441764832,0.11290940642356873,6.7,63.0,1.0
15.0,0.05427280068397522,0.9916964769363403,6.6,63.0,1.0
68.0,0.8839511275291443,0.3723418712615967,6.5,63.0,1.0
36.0,0.9735572338104248,0.07926201820373535,6.5,63.0,1.0
68.0,0.0032619833946228027,0.9995101690292358,4.0,63.0,0.0
36.0,0.02311992645263672,0.9905727505683899,7.4,63.0,1.0
21.0,0.03716760873794556,0.9921408891677856,7.6,63.0,1.0
21.0,0.9977009296417236,0.021235525608062744,7.0,63.0,1.0
37.0,0.1057056188583374,0.9754773378372192,6.6,62.0,1.0
179.0,0.6885856986045837,0.7277828454971313,7.6,62.0,1.0
88.0,0.27442222833633423,0.9360615015029907,6.4,62.0,1.0
188.0,0.09685620665550232,0.9759218692779541,3.7,62.0,0.0
78.0,0.731580376625061,0.3956431746482849,7.1,62.0,1.0
99.0,0.18927502632141113,0.944656491279602,7.6,62.0,1.0
42.0,0.8704644441604614,0.3428173363208771,3.6,62.0,0.0
36.0,0.0013830363750457764,0.9997659921646118,6.4,62.0,1.0
60.0,0.9723323583602905,0.166033536195755,6.4,62.0,1.0
36.0,0.3300934433937073,0.9130324125289917,6.8,62.0,1.0
90.0,0.43883588910102844,0.8229223489761353,7.3,62.0,1.0
50.0,0.013869762420654297,0.9957696795463562,2.3,62.0,0.0
36.0,0.9955060482025146,0.020167678594589233,7.5,62.0,1.0
48.0,0.8683249950408936,0.25922858715057373,7.3,62.0,1.0
88.0,0.01234409213066101,0.9965685606002808,7.4,62.0,1.0
38.0,0.8078570365905762,0.6055682301521301,7.6,62.0,1.0
43.0,0.009908020496368408,0.997869610786438,7.4,62.0,1.0
42.0,0.6816006898880005,0.7801588773727417,6.5,62.0,1.0
50.0,0.02185612916946411,0.9905494451522827,6.1,61.0,1.0
158.0,0.004590272903442383,0.9988546371459961,7.5,61.0,1.0
68.0,0.023714840412139893,0.9910008311271667,3.1,61.0,0.0
18.0,0.029312312602996826,0.9959527850151062,6.6,61.0,1.0
36.0,0.014305084943771362,0.9961199760437012,6.9,61.0,1.0
139.0,0.006567418575286865,0.9984153509140015,6.2,61.0,1.0
88.0,0.356331467628479,0.8062126040458679,6.8,61.0,1.0
36.0,0.17762881517410278,0.9478955864906311,6.8,61.0,1.0
37.0,0.8224803805351257,0.34474802017211914,6.8,61.0,1.0
36.0,0.17520269751548767,0.9460278749465942,7.4,61.0,1.0
29.0,0.04870480298995972,0.9841181039810181,8.8,61.0,1.0
32.0,0.008733510971069336,0.997833251953125,7.4,61.0,1.0
139.0,0.9909894466400146,0.0066645145416259766,3.4,61.0,0.0
37.0,0.03232881426811218,0.9904968738555908,7.0,61.0,1.0
11.0,0.04155662655830383,0.9847937822341919,6.2,61.0,1.0
37.0,0.2934335470199585,0.950485110282898,7.1,61.0,1.0
21.0,0.002582460641860962,0.9993959665298462,7.3,61.0,1.0
48.0,0.03387558460235596,0.9905475378036499,6.7,60.0,1.0
78.0,0.42194849252700806,0.7628352642059326,5.9,60.0,1.0
70.0,0.015398472547531128,0.9971461296081543,7.3,60.0,1.0
28.0,0.004824519157409668,0.9988958239555359,7.6,60.0,1.0
44.0,0.8732532262802124,0.5531089305877686,7.5,60.0,1.0
42.0,0.18297499418258667,0.9241914749145508,7.6,60.0,1.0
41.0,0.08173426985740662,0.9758621454238892,6.4,60.0,1.0
21.0,0.07289350032806396,0.9835865497589111,6.1,60.0,1.0
48.0,0.3658685088157654,0.8684396743774414,7.0,60.0,1.0
139.0,0.8987847566604614,0.5210319757461548,8.1,60.0,1.0
70.0,0.02233213186264038,0.9961051344871521,5.9,59.0,1.0
38.0,0.003542572259902954,0.999549388885498,7.2,59.0,1.0
36.0,0.028056800365447998,0.9913747310638428,8.3,59.0,1.0
70.0,0.018225520849227905,0.9963993430137634,6.7,59.0,1.0
36.0,0.044457465410232544,0.9924712181091309,7.2,59.0,1.0
25.0,0.9818459749221802,0.15474238991737366,6.2,59.0,1.0
90.0,0.07569676637649536,0.9806034564971924,6.1,59.0,1.0
110.0,0.011199086904525757,0.9967184066772461,7.2,59.0,1.0
36.0,0.0014360249042510986,0.9997562170028687,7.4,59.0,1.0
36.0,0.004128873348236084,0.9994399547576904,6.0,59.0,1.0
115.0,0.7094085812568665,0.726719856262207,6.9,59.0,1.0
68.0,0.43423596024513245,0.9030113816261292,6.0,59.0,1.0
28.0,0.05241823196411133,0.9811029434204102,6.6,59.0,1.0
43.0,0.05505108833312988,0.9836606979370117,6.0,59.0,1.0
176.0,0.18359962105751038,0.9735435247421265,6.2,58.0,1.0
21.0,0.024103254079818726,0.9916331768035889,7.5,58.0,1.0
48.0,0.008156150579452515,0.996566891670227,6.9,58.0,1.0
28.0,0.09342005848884583,0.9693244099617004,6.1,58.0,1.0
88.0,0.08057212829589844,0.9819201827049255,6.7,58.0,1.0
64.0,0.026924967765808105,0.9982616901397705,6.1,58.0,1.0
36.0,0.03134763240814209,0.9911545515060425,7.7,58.0,1.0
48.0,0.0044678449630737305,0.9990618228912354,6.5,58.0,1.0
37.0,0.02103900909423828,0.9934020042419434,7.0,58.0,1.0
88.0,0.30644553899765015,0.9282817840576172,8.4,58.0,1.0
64.0,0.0008556246757507324,0.9999185800552368,5.2,57.0,1.0
43.0,0.3777000904083252,0.9011704921722412,5.7,57.0,1.0
79.0,0.9857410192489624,0.02336066961288452,6.8,57.0,1.0
49.0,0.011578768491744995,0.9983543157577515,5.9,57.0,1.0
70.0,0.144841730594635,0.9703811407089233,6.8,57.0,1.0
70.0,0.6816892623901367,0.8079712390899658,7.5,57.0,1.0
31.0,0.1525108814239502,0.9431904554367065,6.4,57.0,1.0
21.0,0.0928460955619812,0.9729708433151245,5.7,57.0,1.0
36.0,0.004687786102294922,0.9989683628082275,7.5,57.0,1.0
36.0,0.0027899742126464844,0.9993876218795776,8.2,57.0,1.0
36.0,0.0020010769367218018,0.999670147895813,5.9,57.0,1.0
62.0,0.014966696500778198,0.9976470470428467,5.2,56.0,1.0
78.0,0.0010666847229003906,0.9998422861099243,6.7,56.0,1.0
21.0,0.32274627685546875,0.9082351922988892,6.6,56.0,1.0
36.0,0.059339553117752075,0.9787585735321045,7.5,56.0,1.0
70.0,0.4776808023452759,0.8162025213241577,5.6,56.0,1.0
36.0,0.0014953315258026123,0.9997438192367554,5.9,56.0,1.0
294.0,0.22546523809432983,0.9538384675979614,6.3,56.0,1.0
25.0,7.396531873382628e-05,0.9999940395355225,6.9,56.0,1.0
32.0,0.005655616521835327,0.9988552331924438,5.4,55.0,1.0
43.0,0.02386227250099182,0.9926404356956482,7.1,55.0,1.0
88.0,0.8892403841018677,0.5162464380264282,5.4,55.0,1.0
42.0,0.6987371444702148,0.7982505559921265,6.1,55.0,1.0
31.0,0.008415758609771729,0.9982204437255859,6.9,55.0,1.0
28.0,0.24963504076004028,0.9471906423568726,6.6,55.0,1.0
36.0,0.018526852130889893,0.9961148500442505,5.5,55.0,1.0
48.0,0.6149278283119202,0.7947974801063538,6.3,55.0,1.0
36.0,0.00863581895828247,0.9979103803634644,5.8,55.0,1.0
48.0,0.0170629620552063,0.9959678649902344,5.8,55.0,1.0
31.0,0.006967276334762573,0.9986811876296997,7.2,55.0,1.0
34.0,0.014486461877822876,0.9963586330413818,6.8,54.0,1.0
15.0,0.027563869953155518,0.9930297136306763,5.6,54.0,1.0
18.0,0.014472007751464844,0.9950109720230103,4.8,54.0,1.0
64.0,0.00020235776901245117,0.9999883770942688,5.8,54.0,1.0
25.0,0.02878221869468689,0.9901878237724304,7.9,53.0,1.0
68.0,0.006133735179901123,0.9991008043289185,6.9,53.0,1.0
48.0,0.098650723695755,0.9952312707901001,7.1,52.0,1.0
15.0,0.0010396242141723633,0.9998438954353333,7.5,52.0,1.0
36.0,0.02493688464164734,0.9968336820602417,5.9,52.0,1.0
48.0,0.08435696363449097,0.9809122085571289,6.4,52.0,1.0
68.0,0.0002924203872680664,0.9999678134918213,6.7,52.0,1.0
70.0,0.0018544793128967285,0.9996921420097351,5.6,52.0,1.0
34.0,0.48745256662368774,0.8630625009536743,7.6,51.0,1.0
90.0,0.00016099214553833008,0.9999935030937195,5.8,51.0,1.0
90.0,0.0028716623783111572,0.9992873668670654,7.2,51.0,1.0
62.0,0.0506226122379303,0.985467791557312,7.4,51.0,1.0
48.0,0.26188427209854126,0.9383523464202881,5.7,50.0,1.0
48.0,0.4224030673503876,0.8920847177505493,5.3,50.0,1.0
11.0,0.0030477046966552734,0.9993582963943481,6.4,50.0,1.0
88.0,0.01893708109855652,0.9927934408187866,5.9,49.0,1.0
48.0,0.010251373052597046,0.9967702031135559,3.5,49.0,1.0
28.0,0.17598921060562134,0.9593052864074707,5.5,49.0,1.0
68.0,0.0029040873050689697,0.9993394613265991,3.1,48.0,1.0
70.0,0.002953052520751953,0.9993529319763184,5.2,48.0,1.0
54.0,0.002212435007095337,0.9998350143432617,5.8,47.0,1.0
68.0,0.1294707953929901,0.9656583666801453,4.1,47.0,1.0
68.0,0.012929439544677734,0.9952964186668396,5.0,47.0,1.0
50.0,0.0007495880126953125,0.999953031539917,4.2,47.0,1.0
38.0,0.9184318780899048,0.47056928277015686,1.7,47.0,1.0
70.0,0.06124451756477356,0.9891248345375061,4.7,46.0,1.0
36.0,0.012202054262161255,0.9961346983909607,5.8,46.0,1.0
45.0,0.016792118549346924,0.9936476349830627,8.2,46.0,1.0
68.0,0.0030543506145477295,0.9996746778488159,5.4,45.0,1.0
36.0,0.9979028105735779,0.020205050706863403,3.0,45.0,1.0
112.0,0.014060407876968384,0.9987552762031555,3.5,45.0,1.0
89.0,0.014061838388442993,0.9954434633255005,4.0,44.0,1.0
68.0,0.3448067903518677,0.9032162427902222,7.2,44.0,1.0
127.0,0.1010735034942627,0.9724553823471069,5.4,42.0,1.0
30.0,0.0027971267700195312,0.9993209838867188,4.1,42.0,1.0
36.0,0.001278221607208252,0.9997926950454712,4.2,41.0,1.0
49.0,0.002176910638809204,0.9998047351837158,4.2,41.0,1.0
70.0,0.027797937393188477,0.9963568449020386,4.7,40.0,1.0
69.0,0.6389577388763428,0.826167106628418,4.9,40.0,1.0
90.0,0.016384214162826538,0.9976020455360413,4.7,38.0,1.0
88.0,0.012070238590240479,0.9981764554977417,2.1,37.0,1.0
88.0,0.006971269845962524,0.9993005990982056,3.2,33.0,1.0
21.0,0.019922316074371338,0.9927037954330444,5.7,32.0,1.0
18.0,0.038289785385131836,0.9897518754005432,3.4,29.0,1.0
40.0,0.000304490327835083,0.9999773502349854,3.0,24.0,1.0
36.0,0.06695938110351562,0.993089497089386,3.0,23.0,1.0
